materia,trimestre,seccion,semana,tipos,participacion_estudiante,participacion_sesion,evaluacion,sin_clase,participacion_relativa,lunes_semana
Algoritmos y Programación,2425-2,1,1,"administrativa, contenido",0.9333333333333333,0.4666666666666667,False,False,1.3125,2025-01-06
Algoritmos y Programación,2425-2,1,2,"contenido, contenido",1.0666666666666667,0.5333333333333333,False,False,1.5,2025-01-13
Algoritmos y Programación,2425-2,1,3,"contenido, contenido",1.1,0.55,False,False,1.546875,2025-01-20
Algoritmos y Programación,2425-2,1,4,"contenido, repaso",1.1333333333333333,0.5666666666666667,False,False,1.59375,2025-01-27
Algoritmos y Programación,2425-2,1,5,"evaluacion, contenido",0.4666666666666667,0.23333333333333334,True,False,0.65625,2025-02-03
Algoritmos y Programación,2425-2,1,6,"evaluacion, contenido",0.7333333333333333,0.36666666666666664,True,False,1.0312499999999998,2025-02-10
Algoritmos y Programación,2425-2,1,7,"contenido, contenido",1.0666666666666667,0.5333333333333333,False,False,1.5,2025-02-17
Algoritmos y Programación,2425-2,1,8,"contenido, contenido",1.2666666666666666,0.6333333333333333,False,False,1.7812499999999998,2025-02-24
Algoritmos y Programación,2425-2,1,9,"sin_clase, evaluacion",0.0,0.0,True,True,0.0,2025-03-03
Algoritmos y Programación,2425-2,1,10,"contenido, repaso",0.7666666666666667,0.38333333333333336,False,False,1.078125,2025-03-10
Algoritmos y Programación,2425-2,1,11,"evaluacion, evaluacion",0.0,0.0,True,False,0.0,2025-03-17
Algoritmos y Programación,2425-2,1,12,"administrativa, administrativa",0.0,0.0,False,False,0.0,2025-03-24
Algoritmos y Programación,2425-2,2,1,"administrativa, contenido",0.43333333333333335,0.21666666666666667,False,False,1.019607843137255,2025-01-06
Algoritmos y Programación,2425-2,2,2,"contenido, contenido",0.9,0.45,False,False,2.1176470588235294,2025-01-13
Algoritmos y Programación,2425-2,2,3,"contenido, contenido",0.8,0.4,False,False,1.8823529411764708,2025-01-20
Algoritmos y Programación,2425-2,2,4,"contenido, repaso",0.7,0.35,False,False,1.6470588235294117,2025-01-27
Algoritmos y Programación,2425-2,2,5,"evaluacion, contenido",0.36666666666666664,0.18333333333333332,True,False,0.8627450980392156,2025-02-03
Algoritmos y Programación,2425-2,2,6,"evaluacion, contenido",0.26666666666666666,0.13333333333333333,True,False,0.6274509803921569,2025-02-10
Algoritmos y Programación,2425-2,2,7,"contenido, contenido",0.8666666666666667,0.43333333333333335,False,False,2.03921568627451,2025-02-17
Algoritmos y Programación,2425-2,2,8,"contenido, contenido",0.4,0.2,False,False,0.9411764705882354,2025-02-24
Algoritmos y Programación,2425-2,2,9,"sin_clase, evaluacion",0.0,0.0,True,True,0.0,2025-03-03
Algoritmos y Programación,2425-2,2,10,"contenido, repaso",0.36666666666666664,0.18333333333333332,False,False,0.8627450980392156,2025-03-10
Algoritmos y Programación,2425-2,2,11,"evaluacion, evaluacion",0.0,0.0,True,False,0.0,2025-03-17
Algoritmos y Programación,2425-2,2,12,"administrativa, administrativa",0.0,0.0,False,False,0.0,2025-03-24
Algoritmos y Programación,2526-1,1,1,"contenido, contenido",1.2222222222222223,0.6111111111111112,False,False,3.168,2025-09-08
Algoritmos y Programación,2526-1,1,2,"contenido, contenido",0.1111111111111111,0.05555555555555555,False,False,0.288,2025-09-15
Algoritmos y Programación,2526-1,1,3,"contenido, contenido",0.5555555555555556,0.2777777777777778,False,False,1.4400000000000002,2025-09-22
Algoritmos y Programación,2526-1,1,4,"contenido, repaso",0.4444444444444444,0.2222222222222222,False,False,1.152,2025-09-29
Algoritmos y Programación,2526-1,1,5,"evaluacion, contenido",0.07407407407407407,0.037037037037037035,True,False,0.192,2025-10-06
Algoritmos y Programación,2526-1,1,6,"evaluacion, contenido",0.037037037037037035,0.018518518518518517,True,False,0.096,2025-10-13
Algoritmos y Programación,2526-1,1,7,"sin_clase, contenido",0.18518518518518517,0.18518518518518517,False,True,0.96,2025-10-20
Algoritmos y Programación,2526-1,1,8,"contenido, contenido",0.48148148148148145,0.24074074074074073,False,False,1.248,2025-10-27
Algoritmos y Programación,2526-1,1,9,"contenido, evaluacion",0.3333333333333333,0.16666666666666666,True,False,0.864,2025-11-03
Algoritmos y Programación,2526-1,1,10,"contenido, contenido",0.6296296296296297,0.3148148148148148,False,False,1.6320000000000001,2025-11-10
Algoritmos y Programación,2526-1,1,11,"evaluacion, evaluacion",0.37037037037037035,0.18518518518518517,True,False,0.96,2025-11-17
Algoritmos y Programación,2526-1,1,12,"administrativa, administrativa",0.0,0.0,False,False,0.0,2025-11-24
Algoritmos y Programación,2526-2,1,1,"contenido, contenido",0.4666666666666667,0.23333333333333334,False,False,2.896551724137931,2026-01-05
Algoritmos y Programación,2526-2,1,2,"contenido, contenido",0.0,0.0,False,False,0.0,2026-01-12
Algoritmos y Programación,2526-2,1,3,"contenido, contenido",0.5,0.25,False,False,3.103448275862069,2026-01-19
Algoritmos y Programación,2526-2,1,4,"contenido, contenido",0.43333333333333335,0.21666666666666667,False,False,2.689655172413793,2026-01-26
Algoritmos y Programación,2526-2,1,5,"repaso, evaluacion",0.06666666666666667,0.03333333333333333,True,False,0.41379310344827586,2026-02-02
Algoritmos y Programación,2526-2,1,6,"evaluacion, contenido",0.13333333333333333,0.06666666666666667,True,False,0.8275862068965517,2026-02-09
Algoritmos y Programación,2526-2,1,7,"sin_clase, contenido",0.0,0.0,False,True,0.0,2026-02-16
Algoritmos y Programación,2526-2,1,8,"contenido, contenido",0.0,0.0,False,False,0.0,2026-02-23
Algoritmos y Programación,2526-2,1,9,"contenido, evaluacion",0.2,0.1,True,False,1.2413793103448276,2026-03-02
Algoritmos y Programación,2526-2,1,10,"contenido, contenido",0.0,0.0,False,False,0.0,2026-03-09
Algoritmos y Programación,2526-2,1,11,"evaluacion, evaluacion",0.13333333333333333,0.06666666666666667,True,False,0.8275862068965517,2026-03-16
Algoritmos y Programación,2526-2,1,12,"administrativa, administrativa",0.0,0.0,False,False,0.0,2026-03-23
Algoritmos y Programación,2526-3,1,1,"contenido, contenido",0.8666666666666667,0.43333333333333335,False,False,1.8352941176470587,2026-04-13
Algoritmos y Programación,2526-3,1,2,"contenido, contenido",0.5,0.25,False,False,1.0588235294117647,2026-04-20
Algoritmos y Programación,2526-3,1,3,"contenido, contenido",0.6666666666666666,0.3333333333333333,False,False,1.4117647058823528,2026-04-27
Algoritmos y Programación,2526-3,1,4,"contenido, contenido",0.8,0.4,False,False,1.6941176470588235,2026-05-04
Algoritmos y Programación,2526-3,1,5,"repaso, evaluacion",0.13333333333333333,0.06666666666666667,True,False,0.2823529411764706,2026-05-11
Algoritmos y Programación,2526-3,1,6,"evaluacion, contenido",0.1,0.05,True,False,0.21176470588235294,2026-05-18
Algoritmos y Programación,2526-3,1,7,"contenido, contenido",0.23333333333333334,0.11666666666666667,False,False,0.4941176470588235,2026-05-25
Algoritmos y Programación,2526-3,1,8,"contenido, contenido",0.5,0.25,False,False,1.0588235294117647,2026-06-01
Algoritmos y Programación,2526-3,1,9,"repaso, evaluacion",1.4666666666666666,0.7333333333333333,True,False,3.105882352941176,2026-06-08
Algoritmos y Programación,2526-3,1,10,"contenido, contenido",0.4,0.2,False,False,0.8470588235294118,2026-06-15
Algoritmos y Programación,2526-3,1,11,"evaluacion, sin_clase",0.0,0.0,True,True,0.0,2026-06-22
Algoritmos y Programación,2526-3,1,12,"evaluacion, administrativa",0.0,0.0,True,False,0.0,2026-06-29
Computación Emergente,2425-3,1,1,contenido,0.15789473684210525,0.15789473684210525,False,False,0.7857142857142858,2025-04-21
Computación Emergente,2425-3,1,2,sin_clase,0.0,,False,True,,2025-04-28
Computación Emergente,2425-3,1,3,contenido,0.18421052631578946,0.18421052631578946,False,False,0.9166666666666667,2025-05-05
Computación Emergente,2425-3,1,4,evaluacion,0.0,0.0,True,False,0.0,2025-05-12
Computación Emergente,2425-3,1,5,contenido,0.0,0.0,False,False,0.0,2025-05-19
Computación Emergente,2425-3,1,6,contenido,0.4473684210526316,0.4473684210526316,False,False,2.2261904761904767,2025-05-26
Computación Emergente,2425-3,1,7,contenido,0.3157894736842105,0.3157894736842105,False,False,1.5714285714285716,2025-06-02
Computación Emergente,2425-3,1,8,evaluacion,0.0,0.0,True,False,0.0,2025-06-09
Computación Emergente,2425-3,1,9,contenido,0.34210526315789475,0.34210526315789475,False,False,1.7023809523809528,2025-06-16
Computación Emergente,2425-3,1,10,contenido,0.4473684210526316,0.4473684210526316,False,False,2.2261904761904767,2025-06-23
Computación Emergente,2425-3,1,11,contenido,0.3157894736842105,0.3157894736842105,False,False,1.5714285714285716,2025-06-30
Computación Emergente,2425-3,1,12,evaluacion,0.0,0.0,True,False,0.0,2025-07-07
Computación Emergente,2425-3,2,1,contenido,0.08571428571428572,0.08571428571428572,False,False,0.9428571428571428,2025-04-21
Computación Emergente,2425-3,2,2,contenido,0.22857142857142856,0.22857142857142856,False,False,2.5142857142857142,2025-04-28
Computación Emergente,2425-3,2,3,contenido,0.08571428571428572,0.08571428571428572,False,False,0.9428571428571428,2025-05-05
Computación Emergente,2425-3,2,4,evaluacion,0.0,0.0,True,False,0.0,2025-05-12
Computación Emergente,2425-3,2,5,contenido,0.08571428571428572,0.08571428571428572,False,False,0.9428571428571428,2025-05-19
Computación Emergente,2425-3,2,6,contenido,0.11428571428571428,0.11428571428571428,False,False,1.2571428571428571,2025-05-26
Computación Emergente,2425-3,2,7,contenido,0.14285714285714285,0.14285714285714285,False,False,1.5714285714285714,2025-06-02
Computación Emergente,2425-3,2,8,evaluacion,0.0,0.0,True,False,0.0,2025-06-09
Computación Emergente,2425-3,2,9,contenido,0.05714285714285714,0.05714285714285714,False,False,0.6285714285714286,2025-06-16
Computación Emergente,2425-3,2,10,sin_clase,0.0,,False,True,,2025-06-23
Computación Emergente,2425-3,2,11,contenido,0.2,0.2,False,False,2.2,2025-06-30
Computación Emergente,2425-3,2,12,evaluacion,0.0,0.0,True,False,0.0,2025-07-07
Computación Emergente,2526-1,1,1,"contenido, contenido",0.21428571428571427,0.10714285714285714,False,False,0.7128712871287128,2025-09-08
Computación Emergente,2526-1,1,2,"contenido, contenido",0.39285714285714285,0.19642857142857142,False,False,1.306930693069307,2025-09-15
Computación Emergente,2526-1,1,3,"contenido, contenido",0.8571428571428571,0.42857142857142855,False,False,2.8514851485148514,2025-09-22
Computación Emergente,2526-1,1,4,"contenido, evaluacion",0.2857142857142857,0.14285714285714285,True,False,0.9504950495049505,2025-09-29
Computación Emergente,2526-1,1,5,"evaluacion, contenido",0.35714285714285715,0.17857142857142858,True,False,1.1881188118811883,2025-10-06
Computación Emergente,2526-1,1,6,"contenido, evaluacion",0.25,0.125,True,False,0.8316831683168318,2025-10-13
Computación Emergente,2526-1,1,7,"contenido, contenido",0.4642857142857143,0.23214285714285715,False,False,1.5445544554455446,2025-10-20
Computación Emergente,2526-1,1,8,"contenido, evaluacion",0.25,0.125,True,False,0.8316831683168318,2025-10-27
Computación Emergente,2526-1,1,9,"evaluacion, contenido",0.25,0.125,True,False,0.8316831683168318,2025-11-03
Computación Emergente,2526-1,1,10,"contenido, evaluacion",0.14285714285714285,0.07142857142857142,True,False,0.4752475247524752,2025-11-10
Computación Emergente,2526-1,1,11,"contenido, evaluacion",0.14285714285714285,0.07142857142857142,True,False,0.4752475247524752,2025-11-17
Computación Emergente,2526-1,1,12,"evaluacion, administrativa",0.0,0.0,True,False,0.0,2025-11-24
Computación Emergente,2526-2,1,1,"administrativa, contenido",0.12195121951219512,0.06097560975609756,False,False,0.9090909090909091,2026-01-05
Computación Emergente,2526-2,1,2,"contenido, contenido",0.3170731707317073,0.15853658536585366,False,False,2.3636363636363633,2026-01-12
Computación Emergente,2526-2,1,3,"contenido, contenido",0.3170731707317073,0.15853658536585366,False,False,2.3636363636363633,2026-01-19
Computación Emergente,2526-2,1,4,"contenido, contenido",0.1951219512195122,0.0975609756097561,False,False,1.4545454545454546,2026-01-26
Computación Emergente,2526-2,1,5,"evaluacion, evaluacion",0.04878048780487805,0.024390243902439025,True,False,0.36363636363636365,2026-02-02
Computación Emergente,2526-2,1,6,"contenido, evaluacion",0.0975609756097561,0.04878048780487805,True,False,0.7272727272727273,2026-02-09
Computación Emergente,2526-2,1,7,"sin_clase, contenido",0.04878048780487805,0.04878048780487805,False,True,0.7272727272727273,2026-02-16
Computación Emergente,2526-2,1,8,"contenido, evaluacion",0.17073170731707318,0.08536585365853659,True,False,1.2727272727272727,2026-02-23
Computación Emergente,2526-2,1,9,"evaluacion, contenido",0.14634146341463414,0.07317073170731707,True,False,1.0909090909090908,2026-03-02
Computación Emergente,2526-2,1,10,"contenido, contenido",0.04878048780487805,0.024390243902439025,False,False,0.36363636363636365,2026-03-09
Computación Emergente,2526-2,1,11,"evaluacion, contenido",0.04878048780487805,0.024390243902439025,True,False,0.36363636363636365,2026-03-16
Computación Emergente,2526-2,1,12,"evaluacion, administrativa",0.0,0.0,True,False,0.0,2026-03-23
Computación Emergente,2526-3,1,1,"contenido, contenido",0.4,0.2,False,False,0.653061224489796,2026-04-13
Computación Emergente,2526-3,1,2,"contenido, contenido",1.475,0.7375,False,False,2.408163265306123,2026-04-20
Computación Emergente,2526-3,1,3,"contenido, contenido",0.95,0.475,False,False,1.5510204081632655,2026-04-27
Computación Emergente,2526-3,1,4,"contenido, contenido",0.975,0.4875,False,False,1.5918367346938778,2026-05-04
Computación Emergente,2526-3,1,5,"contenido, evaluacion",0.325,0.1625,True,False,0.5306122448979592,2026-05-11
Computación Emergente,2526-3,1,6,"evaluacion, evaluacion",0.0,0.0,True,False,0.0,2026-05-18
Computación Emergente,2526-3,1,7,"contenido, contenido",0.875,0.4375,False,False,1.4285714285714288,2026-05-25
Computación Emergente,2526-3,1,8,"contenido, contenido",0.9,0.45,False,False,1.4693877551020411,2026-06-01
Computación Emergente,2526-3,1,9,"contenido, contenido",0.8,0.4,False,False,1.306122448979592,2026-06-08
Computación Emergente,2526-3,1,10,"contenido, evaluacion",0.325,0.1625,True,False,0.5306122448979592,2026-06-15
Computación Emergente,2526-3,1,11,"contenido, evaluacion",0.325,0.1625,True,False,0.5306122448979592,2026-06-22
Computación Emergente,2526-3,1,12,"evaluacion, administrativa",0.0,0.0,True,False,0.0,2026-06-29
Estructura de Datos,2425-3,2,1,"contenido, contenido",1.2,0.6,False,False,2.386740331491713,2025-04-21
Estructura de Datos,2425-3,2,2,"contenido, contenido",0.3333333333333333,0.16666666666666666,False,False,0.6629834254143646,2025-04-28
Estructura de Datos,2425-3,2,3,"contenido, contenido",0.6666666666666666,0.3333333333333333,False,False,1.3259668508287292,2025-05-05
Estructura de Datos,2425-3,2,4,"contenido, contenido",0.5,0.25,False,False,0.994475138121547,2025-05-12
Estructura de Datos,2425-3,2,5,"contenido, contenido",0.26666666666666666,0.13333333333333333,False,False,0.5303867403314917,2025-05-19
Estructura de Datos,2425-3,2,6,"evaluacion, contenido",0.5666666666666667,0.2833333333333333,True,False,1.12707182320442,2025-05-26
Estructura de Datos,2425-3,2,7,"contenido, evaluacion",0.23333333333333334,0.11666666666666667,True,False,0.4640883977900553,2025-06-02
Estructura de Datos,2425-3,2,8,"contenido, contenido",0.2,0.1,False,False,0.3977900552486188,2025-06-09
Estructura de Datos,2425-3,2,9,"contenido, contenido",0.9333333333333333,0.4666666666666667,False,False,1.8563535911602211,2025-06-16
Estructura de Datos,2425-3,2,10,"contenido, contenido",0.3,0.15,False,False,0.5966850828729282,2025-06-23
Estructura de Datos,2425-3,2,11,"contenido, evaluacion",0.43333333333333335,0.21666666666666667,True,False,0.861878453038674,2025-06-30
Estructura de Datos,2425-3,2,12,"contenido, evaluacion",0.4,0.2,True,False,0.7955801104972376,2025-07-07
Estructura de Datos,2526-1,2,1,"contenido, contenido",0.4666666666666667,0.23333333333333334,False,False,1.8260869565217388,2025-09-08
Estructura de Datos,2526-1,2,2,"contenido, contenido",0.0,0.0,False,False,0.0,2025-09-15
Estructura de Datos,2526-1,2,3,"contenido, contenido",0.13333333333333333,0.06666666666666667,False,False,0.5217391304347825,2025-09-22
Estructura de Datos,2526-1,2,4,"contenido, contenido",0.23333333333333334,0.11666666666666667,False,False,0.9130434782608694,2025-09-29
Estructura de Datos,2526-1,2,5,"contenido, contenido",0.6333333333333333,0.31666666666666665,False,False,2.478260869565217,2025-10-06
Estructura de Datos,2526-1,2,6,"evaluacion, contenido",0.1,0.05,True,False,0.3913043478260869,2025-10-13
Estructura de Datos,2526-1,2,7,"contenido, evaluacion",0.0,0.0,True,False,0.0,2025-10-20
Estructura de Datos,2526-1,2,8,"contenido, contenido",0.23333333333333334,0.11666666666666667,False,False,0.9130434782608694,2025-10-27
Estructura de Datos,2526-1,2,9,"contenido, contenido",0.4,0.2,False,False,1.5652173913043477,2025-11-03
Estructura de Datos,2526-1,2,10,"contenido, contenido",0.6,0.3,False,False,2.3478260869565215,2025-11-10
Estructura de Datos,2526-1,2,11,"contenido, evaluacion",0.1,0.05,True,False,0.3913043478260869,2025-11-17
Estructura de Datos,2526-1,2,12,"contenido, evaluacion",0.16666666666666666,0.08333333333333333,True,False,0.6521739130434782,2025-11-24
Estructura de Datos,2526-2,2,1,"contenido, contenido",0.6111111111111112,0.3055555555555556,False,False,1.1785714285714288,2026-01-05
Estructura de Datos,2526-2,2,2,"contenido, contenido",0.6666666666666666,0.3333333333333333,False,False,1.2857142857142858,2026-01-12
Estructura de Datos,2526-2,2,3,"contenido, contenido",0.5,0.25,False,False,0.9642857142857143,2026-01-19
Estructura de Datos,2526-2,2,4,"contenido, contenido",0.3333333333333333,0.16666666666666666,False,False,0.6428571428571429,2026-01-26
Estructura de Datos,2526-2,2,5,"contenido, contenido",0.9444444444444444,0.4722222222222222,False,False,1.8214285714285714,2026-02-02
Estructura de Datos,2526-2,2,6,"evaluacion, contenido",0.5555555555555556,0.2777777777777778,True,False,1.0714285714285716,2026-02-09
Estructura de Datos,2526-2,2,7,"contenido, evaluacion",0.05555555555555555,0.027777777777777776,True,False,0.10714285714285714,2026-02-16
Estructura de Datos,2526-2,2,8,"contenido, contenido",0.2777777777777778,0.1388888888888889,False,False,0.5357142857142858,2026-02-23
Estructura de Datos,2526-2,2,9,"contenido, contenido",0.2777777777777778,0.1388888888888889,False,False,0.5357142857142858,2026-03-02
Estructura de Datos,2526-2,2,10,"contenido, contenido",1.2777777777777777,0.6388888888888888,False,False,2.4642857142857144,2026-03-09
Estructura de Datos,2526-2,2,11,"contenido, evaluacion",0.3333333333333333,0.16666666666666666,True,False,0.6428571428571429,2026-03-16
Estructura de Datos,2526-2,2,12,"contenido, evaluacion",0.3888888888888889,0.19444444444444445,True,False,0.75,2026-03-23
Estructura de Datos,2526-3,2,1,"contenido, contenido",0.23333333333333334,0.11666666666666667,False,False,0.5793103448275863,2026-04-13
Estructura de Datos,2526-3,2,2,"contenido, contenido",0.4666666666666667,0.23333333333333334,False,False,1.1586206896551725,2026-04-20
Estructura de Datos,2526-3,2,3,"contenido, contenido",0.6,0.3,False,False,1.4896551724137932,2026-04-27
Estructura de Datos,2526-3,2,4,"contenido, contenido",0.9666666666666667,0.48333333333333334,False,False,2.4000000000000004,2026-05-04
Estructura de Datos,2526-3,2,5,"contenido, contenido",0.6,0.3,False,False,1.4896551724137932,2026-05-11
Estructura de Datos,2526-3,2,6,"evaluacion, contenido",0.06666666666666667,0.03333333333333333,True,False,0.16551724137931037,2026-05-18
Estructura de Datos,2526-3,2,7,"contenido, evaluacion",0.16666666666666666,0.08333333333333333,True,False,0.41379310344827586,2026-05-25
Estructura de Datos,2526-3,2,8,"contenido, contenido",0.4666666666666667,0.23333333333333334,False,False,1.1586206896551725,2026-06-01
Estructura de Datos,2526-3,2,9,"contenido, contenido",0.36666666666666664,0.18333333333333332,False,False,0.9103448275862069,2026-06-08
Estructura de Datos,2526-3,2,10,"contenido, contenido",0.5666666666666667,0.2833333333333333,False,False,1.406896551724138,2026-06-15
Estructura de Datos,2526-3,2,11,"evaluacion, contenido",0.3333333333333333,0.16666666666666666,True,False,0.8275862068965517,2026-06-22
Estructura de Datos,2526-3,2,12,"evaluacion, administrativa",0.0,0.0,True,False,0.0,2026-06-29
Matemáticas Discretas,2526-2,1,1,"administrativa, contenido",0.0,0.0,False,False,0.0,2026-01-05
Matemáticas Discretas,2526-2,1,2,"contenido, contenido",1.0571428571428572,0.5285714285714286,False,False,2.537142857142857,2026-01-12
Matemáticas Discretas,2526-2,1,3,"contenido, contenido",0.42857142857142855,0.21428571428571427,False,False,1.0285714285714285,2026-01-19
Matemáticas Discretas,2526-2,1,4,"contenido, evaluacion",0.34285714285714286,0.17142857142857143,True,False,0.8228571428571428,2026-01-26
Matemáticas Discretas,2526-2,1,5,"contenido, contenido",0.2571428571428571,0.12857142857142856,False,False,0.6171428571428571,2026-02-02
Matemáticas Discretas,2526-2,1,6,"contenido, contenido",0.4,0.2,False,False,0.96,2026-02-09
Matemáticas Discretas,2526-2,1,7,"sin_clase, contenido",0.37142857142857144,0.37142857142857144,False,True,1.782857142857143,2026-02-16
Matemáticas Discretas,2526-2,1,8,"contenido, contenido",0.6285714285714286,0.3142857142857143,False,False,1.5085714285714285,2026-02-23
Matemáticas Discretas,2526-2,1,9,"contenido, evaluacion",0.2857142857142857,0.14285714285714285,True,False,0.6857142857142856,2026-03-02
Matemáticas Discretas,2526-2,1,10,"contenido, contenido",0.6285714285714286,0.3142857142857143,False,False,1.5085714285714285,2026-03-09
Matemáticas Discretas,2526-2,1,11,"contenido, evaluacion",0.22857142857142856,0.11428571428571428,True,False,0.5485714285714285,2026-03-16
Matemáticas Discretas,2526-2,1,12,"evaluacion, administrativa",0.0,0.0,True,False,0.0,2026-03-23
Matemáticas Discretas,2526-2,2,1,"administrativa, contenido",0.0,0.0,False,False,0.0,2026-01-05
Matemáticas Discretas,2526-2,2,2,"contenido, contenido",1.1428571428571428,0.5714285714285714,False,False,3.1999999999999997,2026-01-12
Matemáticas Discretas,2526-2,2,3,"contenido, contenido",0.3333333333333333,0.16666666666666666,False,False,0.9333333333333332,2026-01-19
Matemáticas Discretas,2526-2,2,4,"contenido, evaluacion",0.23809523809523808,0.11904761904761904,True,False,0.6666666666666666,2026-01-26
Matemáticas Discretas,2526-2,2,5,"contenido, contenido",0.09523809523809523,0.047619047619047616,False,False,0.26666666666666666,2026-02-02
Matemáticas Discretas,2526-2,2,6,"contenido, contenido",0.42857142857142855,0.21428571428571427,False,False,1.2,2026-02-09
Matemáticas Discretas,2526-2,2,7,"sin_clase, contenido",0.19047619047619047,0.19047619047619047,False,True,1.0666666666666667,2026-02-16
Matemáticas Discretas,2526-2,2,8,"contenido, contenido",0.5238095238095238,0.2619047619047619,False,False,1.4666666666666668,2026-02-23
Matemáticas Discretas,2526-2,2,9,"contenido, evaluacion",0.3333333333333333,0.16666666666666666,True,False,0.9333333333333332,2026-03-02
Matemáticas Discretas,2526-2,2,10,"contenido, contenido",0.6190476190476191,0.30952380952380953,False,False,1.7333333333333334,2026-03-09
Matemáticas Discretas,2526-2,2,11,"contenido, evaluacion",0.19047619047619047,0.09523809523809523,True,False,0.5333333333333333,2026-03-16
Matemáticas Discretas,2526-2,2,12,"evaluacion, administrativa",0.0,0.0,True,False,0.0,2026-03-23
Matemáticas Discretas,2526-3,1,1,"contenido, contenido",0.06451612903225806,0.03225806451612903,False,False,0.21052631578947367,2026-04-13
Matemáticas Discretas,2526-3,1,2,"contenido, contenido",0.25806451612903225,0.12903225806451613,False,False,0.8421052631578947,2026-04-20
Matemáticas Discretas,2526-3,1,3,"contenido, contenido",0.25806451612903225,0.12903225806451613,False,False,0.8421052631578947,2026-04-27
Matemáticas Discretas,2526-3,1,4,"repaso, evaluacion",0.1935483870967742,0.0967741935483871,True,False,0.631578947368421,2026-05-04
Matemáticas Discretas,2526-3,1,5,"contenido, contenido",0.6774193548387096,0.3387096774193548,False,False,2.2105263157894735,2026-05-11
Matemáticas Discretas,2526-3,1,6,"contenido, contenido",0.16129032258064516,0.08064516129032258,False,False,0.5263157894736842,2026-05-18
Matemáticas Discretas,2526-3,1,7,"contenido, contenido",0.45161290322580644,0.22580645161290322,False,False,1.4736842105263157,2026-05-25
Matemáticas Discretas,2526-3,1,8,"contenido, contenido",0.7096774193548387,0.3548387096774194,False,False,2.3157894736842106,2026-06-01
Matemáticas Discretas,2526-3,1,9,"contenido, evaluacion",0.25806451612903225,0.12903225806451613,True,False,0.8421052631578947,2026-06-08
Matemáticas Discretas,2526-3,1,10,"contenido, contenido",0.4838709677419355,0.24193548387096775,False,False,1.5789473684210527,2026-06-15
Matemáticas Discretas,2526-3,1,11,"contenido, evaluacion",0.16129032258064516,0.08064516129032258,True,False,0.5263157894736842,2026-06-22
Matemáticas Discretas,2526-3,1,12,"evaluacion, administrativa",0.0,0.0,True,False,0.0,2026-06-29
