materia,hito,brier
Algoritmos y Programación,4,0.8596468386554388
Algoritmos y Programación,6,0.8556504047834107
Algoritmos y Programación,8,0.7966615989242085
Computación Emergente,4,0.631114180267778
Computación Emergente,6,0.67460960559694
Computación Emergente,8,0.646712937472414
Estructura de Datos,4,0.7790795927721873
Estructura de Datos,6,0.7347839253596915
Estructura de Datos,8,0.8248681855596504
Matemáticas Discretas,4,0.9687682116848895
Matemáticas Discretas,6,1.021107239979178
Matemáticas Discretas,8,0.9790484726100598
