materia,hito,rmse_bayes,r2_bayes,rmse_lstm,rmse_lstm_desv,r2_lstm,r2_lstm_desv,brecha_rmse_en_desv,brecha_r2_en_desv,rmse_BDeu1,r2_BDeu1,rmse_BDeu5,r2_BDeu5,rmse_BDeu10,r2_BDeu10,rmse_BDeu50,r2_BDeu50,rmse_K2,r2_K2,rmse_todos_los_datos,r2_todos_los_datos,mejor_rmse_bayes,dentro_2desv_alguna_variante
Algoritmos y Programación,4,5.1391913278740144,0.222996487912254,3.37666,0.0504585275250874,0.6645000000000001,0.0100618089824842,34.93029650930071,43.87913871713568,5.140310196811879,0.22265812349852732,5.1391913278740144,0.22299648791225402,5.137821985509779,0.22341049938162505,5.127942704053492,0.22639416446996108,5.0885427932201805,0.23823630391716522,3.2208024164281195,0.69481613013698,3.2208024164281195,True
Algoritmos y Programación,6,5.333072252726875,0.1632642128456428,2.73778,0.0603010530587982,0.77938,0.0096918522481515,43.038920899047376,63.57048904370857,5.333159294520924,0.16323689966669064,5.333072252726875,0.16326421284564285,5.332972859687643,0.16329540122412123,5.3325122845261745,0.1634399167598405,5.368870644614713,0.15199328793672495,4.071941417692504,0.5122060028656064,4.071941417692504,False
Algoritmos y Programación,8,4.671335792827113,0.3580287439174712,1.3842599999999998,0.0362590402520529,0.94358,0.0029827839345148,90.65534470788998,196.31031577812846,4.670397567910924,0.3582865943346313,4.671335792827113,0.3580287439174712,4.672508834910779,0.35770628632268386,4.6818858869312034,0.3551257176191823,4.878642723804476,0.29978495411060546,3.116834415176724,0.7142008912288454,3.116834415176724,False
Computación Emergente,4,4.895417274089815,0.1705324911791927,2.5759,0.0632171653904222,0.77024,0.0112375709119008,36.691257188846315,53.36629361650619,4.898390858971288,0.16952451126380952,4.895417274089815,0.17053249117919278,4.8917967215134475,0.1717589525941544,4.866245613809913,0.18038858660820845,4.7251986108157125,0.22721251157583133,2.7888146868091632,0.7308097903236751,2.7888146868091632,False
Computación Emergente,6,4.893453592431097,0.171197800534017,2.30146,0.0651620134741093,0.81654,0.0104834631682473,39.7776780403044,61.55811196252583,4.892984472858025,0.17135670209087472,4.893453592431097,0.171197800534017,4.894036478712711,0.17100034236043216,4.898563406598821,0.16946600262157652,4.969353267211317,0.14528821949267368,3.663461932114711,0.5354811812050178,3.663461932114711,False
Computación Emergente,8,4.907508601539421,0.16642998117952,1.35554,0.085501567237098,0.9362,0.0079369389565499,41.542730926670885,96.98575521804071,4.908558844410042,0.16607316279488304,4.907508601539421,0.16642998117952001,4.906234785632996,0.1668626556913715,4.897401995314176,0.16985978223743647,4.850239198503482,0.18577157203565964,2.726309596627858,0.7427411691995012,2.726309596627858,False
Estructura de Datos,4,7.711694352974308,0.012650010655972,5.18482,0.1611440256416604,0.55332,0.0276166073224065,15.680844157346394,19.577712172680965,7.718789316130708,0.01083239860696572,7.711694352974308,0.012650010655972044,7.703039024216111,0.014865099220171096,7.641331077578426,0.030585429619182647,7.198761790457344,0.13962632271831676,5.369674145560858,0.5212956515288021,5.369674145560858,True
Estructura de Datos,6,6.72197226980509,0.2498209315370941,3.84196,0.095520065954751,0.7548199999999999,0.0122066375386508,30.15086140297879,41.37085801588596,6.723663727336413,0.24944334721180061,6.72197226980509,0.24982093153709417,6.719924945580681,0.25027782895587714,6.705891722609774,0.2534058498648458,6.670842632949645,0.2611897696936577,4.460268596786808,0.6697114377597708,4.460268596786808,False
Estructura de Datos,8,7.560367177560528,0.0510195071516668,3.20602,0.145895534544413,0.8290599999999999,0.0157179197096816,29.845650801841323,49.50022059020265,7.566247428850869,0.04954274981472362,7.560367177560527,0.05101950715166714,7.553161182048894,0.05282764427027409,7.500741826837067,0.06592888109823858,7.122719804665597,0.15770692562272526,4.979060863841693,0.5884085169849782,4.979060863841693,False
Matemáticas Discretas,4,3.2345325719902154,0.3431619188729129,2.97246,0.0381456157375916,0.4452199999999999,0.0143391771033068,6.870319614003483,7.117429430699413,3.234259028045152,0.3432730115754752,3.2345325719902154,0.3431619188729129,3.234875132640677,0.34302278359432337,3.237620950561269,0.3419070030167898,3.29266616802192,0.3193393116343759,2.621709488609777,0.5684765535472541,2.621709488609777,True
Matemáticas Discretas,6,3.2958400722088323,0.318026458819175,2.16556,0.1362779072337111,0.70464,0.0363616968800962,8.293934762811169,10.632439472109755,3.2965732396721203,0.31772301179902473,3.2958400722088323,0.318026458819175,3.2949659613403766,0.3183881519965257,3.289429974506566,0.3206766274194378,3.3148921256604797,0.3101191878544066,2.125305608000485,0.7164184040604029,2.125305608000485,True
Matemáticas Discretas,8,3.114293482366813,0.3910882709352136,1.3408799999999998,0.0596595507861063,0.88698,0.0103003398002201,29.725558757975286,48.14323980401016,3.1143638396608226,0.39106075787922145,3.114293482366813,0.3910882709352136,3.114237480822358,0.39111016976450685,3.114841818074914,0.39087382907868196,3.194959378207286,0.35913589476178365,1.9978862689026737,0.7494024676963896,1.9978862689026737,False
