materia,hito,casos_sobre_techo,rmse_bayes,rmse_bayes_ajustado_techo,r2_bayes_ajustado_techo,rmse_lstm
Algoritmos y Programación,4,13,5.1391913278740144,4.386671224539999,0.1856528800774756,3.37666
Algoritmos y Programación,6,13,5.333072252726875,4.4955419303111235,0.14472948818266984,2.73778
Algoritmos y Programación,8,13,4.671335792827113,3.896146132049813,0.35759358636564464,1.3842599999999998
Computación Emergente,4,8,4.895417274089815,3.573584209991967,0.18760730718705343,2.5759
Computación Emergente,6,8,4.893453592431097,3.685591524710373,0.13588335958364683,2.30146
Computación Emergente,8,8,4.907508601539421,3.681428658847612,0.13783429208653253,1.35554
Estructura de Datos,4,6,7.711694352974308,6.2510306578831765,-0.03007205767501353,5.18482
Estructura de Datos,6,6,6.72197226980509,5.018715086166671,0.33602851061910766,3.84196
Estructura de Datos,8,6,7.5603671775605275,6.035849503347031,0.03962431956943224,3.20602
Matemáticas Discretas,4,2,3.2345325719902154,3.1798631902901757,0.34949793563383713,2.97246
Matemáticas Discretas,6,2,3.2958400722088323,3.2445319210594796,0.32277043253530013,2.16556
Matemáticas Discretas,8,2,3.114293482366813,3.0599427281419516,0.39763683800140937,1.3408799999999998
