semilla,materia,hito,rmse,mae,r2,puesto_rmse,media_cinco,distancia_a_la_media
42,Algoritmos y Programación,4,3.3441,2.5245,0.671,2.0,3.3766599999999998,0.0325599999999997
42,Algoritmos y Programación,6,2.746,2.1571,0.7782,3.0,2.73778,0.008220000000000116
42,Algoritmos y Programación,8,1.3733,1.0916,0.9445,4.0,1.3842599999999998,0.010959999999999859
42,Computación Emergente,4,2.4911,1.6902,0.7852,1.0,2.5759,0.08479999999999999
42,Computación Emergente,6,2.2286,1.3795,0.8281,1.0,2.30146,0.07285999999999992
42,Computación Emergente,8,1.4178,0.8017,0.9304,4.0,1.35554,0.06225999999999998
42,Estructura de Datos,4,5.201,3.3615,0.5509,3.0,5.18482,0.016179999999999417
42,Estructura de Datos,6,3.7269,2.1747,0.7694,1.0,3.8419600000000003,0.11506000000000016
42,Estructura de Datos,8,3.2457,1.8764,0.8251,4.0,3.20602,0.039679999999999715
42,Matemáticas Discretas,4,3.0357,2.5939,0.4214,5.0,2.97246,0.06323999999999996
42,Matemáticas Discretas,6,2.1692,1.7754,0.7046,3.0,2.16556,0.0036399999999998656
42,Matemáticas Discretas,8,1.3431,1.0827,0.8868,4.0,1.3408799999999998,0.0022200000000001108
7,Algoritmos y Programación,4,3.3863,2.5736,0.6626,4.0,3.3766599999999998,0.009640000000000093
7,Algoritmos y Programación,6,2.7677,2.1141,0.7746,4.0,2.73778,0.02992000000000017
7,Algoritmos y Programación,8,1.3594,1.0765,0.9456,1.0,1.3842599999999998,0.024859999999999882
7,Computación Emergente,4,2.6374,1.7062,0.7593,4.0,2.5759,0.06150000000000011
7,Computación Emergente,6,2.4043,1.4646,0.7999,5.0,2.30146,0.10284000000000004
7,Computación Emergente,8,1.4262,0.8537,0.9296,5.0,1.35554,0.07065999999999995
7,Estructura de Datos,4,5.3251,3.2135,0.5292,4.0,5.18482,0.14027999999999974
7,Estructura de Datos,6,3.9693,2.203,0.7384,5.0,3.8419600000000003,0.1273399999999998
7,Estructura de Datos,8,3.4308,1.805,0.8046,5.0,3.20602,0.22477999999999998
7,Matemáticas Discretas,4,2.9797,2.5889,0.4426,4.0,2.97246,0.007239999999999913
7,Matemáticas Discretas,6,2.2531,1.8779,0.6813,4.0,2.16556,0.08753999999999973
7,Matemáticas Discretas,8,1.4429,1.1876,0.8693,5.0,1.3408799999999998,0.10202000000000022
123,Algoritmos y Programación,4,3.3745,2.5701,0.665,3.0,3.3766599999999998,0.0021599999999999397
123,Algoritmos y Programación,6,2.6511,2.0578,0.7932,1.0,2.73778,0.08667999999999987
123,Algoritmos y Programación,8,1.4484,1.1379,0.9383,5.0,1.3842599999999998,0.06414000000000009
123,Computación Emergente,4,2.6376,1.8809,0.7592,5.0,2.5759,0.06170000000000009
123,Computación Emergente,6,2.3116,1.5715,0.815,4.0,2.30146,0.010139999999999816
123,Computación Emergente,8,1.2709,0.8182,0.9441,2.0,1.35554,0.08464000000000005
123,Estructura de Datos,4,5.3452,3.4131,0.5256,5.0,5.18482,0.16037999999999997
123,Estructura de Datos,6,3.7696,2.251,0.7641,2.0,3.8419600000000003,0.0723600000000002
123,Estructura de Datos,8,3.0619,1.7662,0.8443,1.0,3.20602,0.14412000000000003
123,Matemáticas Discretas,4,2.9417,2.565,0.4567,1.0,2.97246,0.0307599999999999
123,Matemáticas Discretas,6,2.3093,1.9932,0.6652,5.0,2.16556,0.14373999999999976
123,Matemáticas Discretas,8,1.3063,1.1609,0.8929,2.0,1.3408799999999998,0.03457999999999983
2024,Algoritmos y Programación,4,3.4552,2.6087,0.6488,5.0,3.3766599999999998,0.07854000000000028
2024,Algoritmos y Programación,6,2.8115,2.1746,0.7674,5.0,2.73778,0.07372000000000023
2024,Algoritmos y Programación,8,1.3684,1.0723,0.9449,2.0,1.3842599999999998,0.015859999999999763
2024,Computación Emergente,4,2.572,1.6685,0.771,3.0,2.5759,0.0038999999999997925
2024,Computación Emergente,6,2.2716,1.4126,0.8214,2.0,2.30146,0.02986000000000022
2024,Computación Emergente,8,1.2538,0.7368,0.9456,1.0,1.35554,0.10173999999999994
2024,Estructura de Datos,4,4.9631,3.077,0.591,1.0,5.18482,0.22172000000000036
2024,Estructura de Datos,6,3.8728,2.3607,0.751,4.0,3.8419600000000003,0.030839999999999534
2024,Estructura de Datos,8,3.196,1.8151,0.8304,3.0,3.20602,0.010019999999999918
2024,Matemáticas Discretas,4,2.9567,2.4114,0.4512,3.0,2.97246,0.015759999999999774
2024,Matemáticas Discretas,6,1.9523,1.4657,0.7607,1.0,2.16556,0.21326000000000023
2024,Matemáticas Discretas,8,1.296,0.9908,0.8946,1.0,1.3408799999999998,0.04487999999999981
31,Algoritmos y Programación,4,3.3232,2.5499,0.6751,1.0,3.3766599999999998,0.05345999999999984
31,Algoritmos y Programación,6,2.7126,2.1634,0.7835,2.0,2.73778,0.025179999999999758
31,Algoritmos y Programación,8,1.3718,1.0724,0.9446,3.0,1.3842599999999998,0.012459999999999916
31,Computación Emergente,4,2.5414,1.7915,0.7765,2.0,2.5759,0.034499999999999975
31,Computación Emergente,6,2.2912,1.4891,0.8183,3.0,2.30146,0.010260000000000158
31,Computación Emergente,8,1.409,0.9037,0.9313,3.0,1.35554,0.05346000000000006
31,Estructura de Datos,4,5.0897,3.2831,0.5699,2.0,5.18482,0.09512000000000054
31,Estructura de Datos,6,3.8712,2.2241,0.7512,3.0,3.8419600000000003,0.02923999999999971
31,Estructura de Datos,8,3.0957,1.7326,0.8409,2.0,3.20602,0.1103200000000002
31,Matemáticas Discretas,4,2.9485,2.5756,0.4542,2.0,2.97246,0.02395999999999976
31,Matemáticas Discretas,6,2.1439,1.8313,0.7114,2.0,2.16556,0.021660000000000235
31,Matemáticas Discretas,8,1.3161,1.0956,0.8913,3.0,1.3408799999999998,0.024779999999999802
