materia,hito,mean,min,max,rango_semillas,rmse_bayes,rmse_extrapolacion,rmse_lstm,dif_bayes_lstm,dif_extrapolacion_lstm,veces_bayes,extrapolacion_dentro_del_rango
Algoritmos y Programación,4,3.3766599999999998,3.3232,3.4552,0.13200000000000012,5.1391913278740144,5.701772012421459,3.37666,1.7625313278740147,2.325112012421459,13.352510059651614,False
Algoritmos y Programación,6,2.73778,2.6511,2.8115,0.1604000000000001,5.333072252726875,3.2898524665554048,2.73778,2.5952922527268747,0.5520724665554049,16.18012626388325,False
Algoritmos y Programación,8,1.3842599999999998,1.3594,1.4484,0.08899999999999997,4.671335792827113,2.80396948948436,1.3842599999999998,3.2870757928271135,1.4197094894843603,36.93343587446196,False
Computación Emergente,4,2.5759,2.4911,2.6376,0.14650000000000007,4.895417274089815,3.8765284117974073,2.5759,2.319517274089815,1.3006284117974074,15.832882416995316,False
Computación Emergente,6,2.30146,2.2286,2.4043,0.17569999999999997,4.893453592431097,2.1096325392232296,2.30146,2.591993592431097,-0.1918274607767705,14.752382427040965,False
Computación Emergente,8,1.35554,1.2538,1.4262,0.1723999999999999,4.907508601539421,1.4675987714106855,1.35554,3.551968601539421,0.11205877141068554,20.603066134219393,True
Estructura de Datos,4,5.18482,4.9631,5.3452,0.38210000000000033,7.711694352974308,5.742950590200257,5.18482,2.526874352974308,0.5581305902002569,6.6131231430889965,False
Estructura de Datos,6,3.8419600000000003,3.7269,3.9693,0.24239999999999995,6.72197226980509,3.894440481849307,3.84196,2.88001226980509,0.05248048184930676,11.88123873681968,True
Estructura de Datos,8,3.20602,3.0619,3.4308,0.3689,7.560367177560528,2.8288363004625796,3.20602,4.354347177560529,-0.3771836995374205,11.803597662132091,False
Matemáticas Discretas,4,2.97246,2.9417,3.0357,0.09399999999999986,3.2345325719902154,3.051285766293647,2.97246,0.2620725719902155,0.0788257662936469,2.7880060850022965,True
Matemáticas Discretas,6,2.16556,1.9523,2.3093,0.357,3.2958400722088323,1.9178532059415363,2.16556,1.1302800722088322,-0.24770679405846385,3.166050622433704,True
Matemáticas Discretas,8,1.3408799999999998,1.296,1.4429,0.14690000000000003,3.114293482366813,1.3896166675593025,1.3408799999999998,1.7734134823668133,0.048736667559302616,12.072249709780891,True
