semilla,materia,cambio_pendiente,ic95_inferior,ic95_superior,distinto_de_cero
42,Algoritmos y Programación,-0.7745987538767563,-1.0579034018903821,-0.4938345209619237,True
42,Computación Emergente,-0.5483310606093741,-0.9888800970898495,-0.02458038601853893,True
42,Estructura de Datos,0.992854003553366,0.40744801550884796,1.541365913570399,True
42,Matemáticas Discretas,0.040337599506726995,-0.21509193471405072,0.3141536154196067,False
7,Algoritmos y Programación,-0.7896643363073692,-1.116769115213029,-0.45195507489554443,True
7,Computación Emergente,-0.7449454961415509,-1.135566343058013,-0.3179176664840759,True
7,Estructura de Datos,0.8172831730859169,0.39197994700517447,1.292103054810428,True
7,Matemáticas Discretas,-0.08371500981310653,-0.28662301254336897,0.12737610593630416,False
123,Algoritmos y Programación,-0.47930287507035807,-0.7970309300850424,-0.17692397462724144,True
123,Computación Emergente,-0.7148403399670524,-1.1235366070859936,-0.2816758817610575,True
123,Estructura de Datos,0.8679713249079954,0.44407614309216875,1.2598099399047071,True
123,Matemáticas Discretas,-0.3706669187164562,-0.721901467456689,-0.011132864126796743,True
2024,Algoritmos y Programación,-0.7994440804173686,-1.1094735274061962,-0.4834333239608757,True
2024,Computación Emergente,-0.7173152297843592,-1.0899435061955294,-0.3023292442701997,True
2024,Estructura de Datos,0.413461026916103,-0.010976204406641071,0.8125468145094444,False
2024,Matemáticas Discretas,0.3480339593166728,-0.031252166620355334,0.744197342435852,False
31,Algoritmos y Programación,-0.7302293058219393,-1.0056511971082267,-0.45658123051172544,True
31,Computación Emergente,-0.6320393451397921,-1.1164682037972604,-0.11047061489774629,True
31,Estructura de Datos,0.44308260540396915,-0.2311933815386161,0.9899863631047117,False
31,Matemáticas Discretas,-0.023130428204438225,-0.24829309211308975,0.21795316042876559,False
