variable,transicion,asignatura,n_casos,n_con_respaldo,mediana_cambio,media_cambio,pct_aumenta,pct_disminuye
Participaciones de la semana,0 a 1,Global,1563,1165,3.8764998719345014,3.679647310765452,92.87553648068669,7.03862660944206
Participaciones de la semana,0 a 1,Algoritmos y Programación,435,313,3.778482344640876,3.5021054274287127,90.41533546325878,9.584664536741213
Participaciones de la semana,0 a 1,Computación Emergente,543,437,3.8764998719345014,3.86687371165142,92.21967963386729,7.780320366132723
Participaciones de la semana,0 a 1,Estructura de Datos,324,239,3.1657349818042175,3.6619686367231012,92.05020920502092,7.531380753138076
Participaciones de la semana,0 a 1,Matemáticas Discretas,261,176,4.137743481917354,3.554521602773137,100.0,0.0
Participaciones de la semana,1 a 2,Global,1563,1033,2.919356733292309,3.6969861570284053,77.73475314617619,18.19941916747338
Participaciones de la semana,1 a 2,Algoritmos y Programación,435,259,2.5336300184195126,2.0064066027071985,67.95366795366795,30.501930501930502
Participaciones de la semana,1 a 2,Computación Emergente,543,414,3.248498465259006,5.017400877785698,86.71497584541062,8.212560386473431
Participaciones de la semana,1 a 2,Estructura de Datos,324,197,1.507483850638097,5.13221595761426,82.74111675126903,13.705583756345177
Participaciones de la semana,1 a 2,Matemáticas Discretas,261,163,1.071119857937152,1.2949502027968731,64.41717791411043,29.447852760736197
Participaciones de la semana,2 a 3 o más,Global,1563,781,2.861726934913081,2.5098870893123095,73.6235595390525,23.5595390524968
Participaciones de la semana,2 a 3 o más,Algoritmos y Programación,435,255,-0.004970948774591477,0.8325266576121813,48.627450980392155,51.37254901960784
Participaciones de la semana,2 a 3 o más,Computación Emergente,543,339,4.754026760104004,4.815242534372863,97.34513274336283,2.6548672566371683
Participaciones de la semana,2 a 3 o más,Estructura de Datos,324,171,1.3761379002280218,1.1421565624384895,70.76023391812866,16.374269005847953
Participaciones de la semana,2 a 3 o más,Matemáticas Discretas,261,16,-4.984279516723422,-4.984279516723422,0.0,100.0
Participaciones de la semana anterior,0 a 1,Global,1563,1188,3.4260460911919557,3.699808228795226,96.8013468013468,2.1043771043771047
Participaciones de la semana anterior,0 a 1,Algoritmos y Programación,435,318,3.0295008955625033,2.331557761628478,94.9685534591195,4.40251572327044
Participaciones de la semana anterior,0 a 1,Computación Emergente,543,441,4.800436452080436,4.382201910673296,97.27891156462584,1.8140589569160999
Participaciones de la semana anterior,0 a 1,Estructura de Datos,324,249,3.1657349818042175,4.1219286754359565,96.3855421686747,1.2048192771084338
Participaciones de la semana anterior,0 a 1,Matemáticas Discretas,261,180,4.307110639942891,3.8612529156688677,99.44444444444444,0.0
Participaciones de la semana anterior,1 a 2,Global,1563,1043,3.3316667958125636,4.573288737628276,85.81016299137104,12.655800575263662
Participaciones de la semana anterior,1 a 2,Algoritmos y Programación,435,271,3.3316667958125636,3.176270106556474,84.50184501845018,14.760147601476014
Participaciones de la semana anterior,1 a 2,Computación Emergente,543,411,4.334410850140777,6.13490030337568,94.64720194647201,5.35279805352798
Participaciones de la semana anterior,1 a 2,Estructura de Datos,324,207,4.967660699848153,5.702221823377942,87.43961352657004,12.077294685990339
Participaciones de la semana anterior,1 a 2,Matemáticas Discretas,261,154,0.9171891269923362,1.3465390411873313,62.33766233766234,29.22077922077922
Participaciones de la semana anterior,2 a 3 o más,Global,1563,800,0.030478326378068132,0.608466157811536,51.74999999999999,44.75
Participaciones de la semana anterior,2 a 3 o más,Algoritmos y Programación,435,266,0.11874446992502818,1.382125760928693,65.78947368421053,30.451127819548873
Participaciones de la semana anterior,2 a 3 o más,Computación Emergente,543,336,-4.482961665924259,0.22331845768444977,41.07142857142857,58.03571428571429
Participaciones de la semana anterior,2 a 3 o más,Estructura de Datos,324,183,0.030478326378068132,0.6510372181348709,55.19125683060109,36.6120218579235
Participaciones de la semana anterior,2 a 3 o más,Matemáticas Discretas,261,15,-5.003155923897339,-5.003155923897339,0.0,100.0
Año que cursa,1 a 2,Global,1563,665,-0.6590301941276668,-1.455854836859381,27.969924812030072,71.42857142857143
Año que cursa,1 a 2,Algoritmos y Programación,435,302,-0.46731733081606563,-1.0273986473598062,26.158940397350992,73.84105960264901
Año que cursa,1 a 2,Computación Emergente,543,0,,,,
Año que cursa,1 a 2,Estructura de Datos,324,258,-2.4107090311566144,-3.0304958872717505,26.356589147286826,72.09302325581395
Año que cursa,1 a 2,Matemáticas Discretas,261,105,-0.6590301941276668,1.1809415610217602,37.142857142857146,62.857142857142854
Año que cursa,2 a 3,Global,1563,678,-0.8569731741034854,-0.6979049715501954,19.321533923303836,80.67846607669617
Año que cursa,2 a 3,Algoritmos y Programación,435,253,-0.8569731741034854,-1.0299354608721918,0.3952569169960474,99.60474308300395
Año que cursa,2 a 3,Computación Emergente,543,0,,,,
Año que cursa,2 a 3,Estructura de Datos,324,227,-1.2540914266059981,-0.9016648139841837,14.977973568281937,85.02202643171806
Año que cursa,2 a 3,Matemáticas Discretas,261,198,-0.2116676993672164,-0.04004033503009218,48.484848484848484,51.515151515151516
Año que cursa,3 a 4,Global,1563,1091,0.012228280124209956,1.151420997916635,50.779101741521536,48.02933088909258
Año que cursa,3 a 4,Algoritmos y Programación,435,247,6.422433064596546,7.610928460230238,100.0,0.0
Año que cursa,3 a 4,Computación Emergente,543,426,-2.201055503226109,-1.9046803865496644,0.4694835680751174,99.53051643192488
Año que cursa,3 a 4,Estructura de Datos,324,225,0.49135647777394076,0.8643717898251063,96.44444444444444,3.5555555555555554
Año que cursa,3 a 4,Matemáticas Discretas,261,193,0.0,-0.03517527974255087,45.59585492227979,47.66839378238342
Año que cursa,4 a 5 o más,Global,1563,1025,-0.29816471602377703,-0.9905799721600475,30.536585365853657,69.46341463414633
Año que cursa,4 a 5 o más,Algoritmos y Programación,435,158,-5.3891930052932135,-7.3046166276636235,0.0,100.0
Año que cursa,4 a 5 o más,Computación Emergente,543,442,-0.2492344350649952,-0.10832969210442393,10.633484162895927,89.36651583710407
Año que cursa,4 a 5 o más,Estructura de Datos,324,239,0.3493474601941746,0.6204326323915024,67.36401673640168,32.63598326359833
Año que cursa,4 a 5 o más,Matemáticas Discretas,261,186,0.8631472111703307,0.20636172298597036,56.451612903225815,43.54838709677419
Tamaño del grupo,pequeño a mediano,Global,1563,475,-0.6060082426275877,-1.4564510917385642,36.21052631578948,63.578947368421055
Tamaño del grupo,pequeño a mediano,Algoritmos y Programación,435,312,-0.5973007728676496,-1.5576695276008343,49.358974358974365,50.641025641025635
Tamaño del grupo,pequeño a mediano,Computación Emergente,543,0,,,,
Tamaño del grupo,pequeño a mediano,Estructura de Datos,324,163,-0.6060082426275877,-1.2627078280021946,11.042944785276074,88.34355828220859
Tamaño del grupo,pequeño a mediano,Matemáticas Discretas,261,0,,,,
Tamaño del grupo,mediano a grande,Global,1563,0,,,,
Tamaño del grupo,mediano a grande,Algoritmos y Programación,435,0,,,,
Tamaño del grupo,mediano a grande,Computación Emergente,543,0,,,,
Tamaño del grupo,mediano a grande,Estructura de Datos,324,0,,,,
Tamaño del grupo,mediano a grande,Matemáticas Discretas,261,0,,,,
Tamaño del grupo,pequeño a grande,Global,1563,496,0.35843289481324336,0.6589091552332758,55.04032258064516,44.75806451612903
Tamaño del grupo,pequeño a grande,Algoritmos y Programación,435,0,,,,
Tamaño del grupo,pequeño a grande,Computación Emergente,543,425,0.35843289481324336,0.7572836171375785,53.88235294117647,46.11764705882353
Tamaño del grupo,pequeño a grande,Estructura de Datos,324,0,,,,
Tamaño del grupo,pequeño a grande,Matemáticas Discretas,261,71,0.09652357030824721,0.07004793960892804,61.97183098591549,36.61971830985916
