variable,asignatura,n,rmse_evidencia_completa,rmse_sin_variable,delta_rmse_omision
Participaciones de la semana,Global,1572,5.323452945084466,5.533797168696436,0.21034422361196992
Participaciones de la semana anterior,Global,1572,5.323452945084466,5.5835373056415385,0.2600843605570722
Año que cursa,Global,1563,5.3242074087755284,4.951110388166765,-0.37309702060876315
Tamaño del grupo,Global,1572,5.323452945084466,4.89892475071426,-0.4245281943702066
Participaciones de la semana,Algoritmos y Programación,441,5.05550278563364,5.553940730760277,0.4984379451266374
Participaciones de la semana anterior,Algoritmos y Programación,441,5.05550278563364,5.280753626342829,0.22525084070918933
Año que cursa,Algoritmos y Programación,435,5.036911064868289,4.764382460215509,-0.2725286046527806
Tamaño del grupo,Algoritmos y Programación,441,5.05550278563364,4.690345114740997,-0.3651576708926427
Participaciones de la semana,Computación Emergente,546,4.898797098027132,4.971877144178372,0.07308004615123931
Participaciones de la semana anterior,Computación Emergente,546,4.898797098027132,5.309905897909081,0.4111087998819487
Año que cursa,Computación Emergente,543,4.910900036822034,4.844040307284076,-0.06685972953795805
Tamaño del grupo,Computación Emergente,546,4.898797098027132,4.495765788018816,-0.40303131000831627
Participaciones de la semana,Estructura de Datos,324,7.3442560968705095,7.456704973051774,0.11244887618126409
Participaciones de la semana anterior,Estructura de Datos,324,7.3442560968705095,7.5333858979814625,0.189129801110953
Año que cursa,Estructura de Datos,324,7.3442560968705095,6.474463732496118,-0.8697923643743914
Tamaño del grupo,Estructura de Datos,324,7.3442560968705095,6.6800552256215235,-0.664200871248986
Participaciones de la semana,Matemáticas Discretas,261,3.2157729312020553,3.403819190648925,0.1880462594468697
Participaciones de la semana anterior,Matemáticas Discretas,261,3.2157729312020553,3.349656270640771,0.13388333943871578
Año que cursa,Matemáticas Discretas,261,3.2157729312020553,2.8482563268106156,-0.36751660439143974
Tamaño del grupo,Matemáticas Discretas,261,3.2157729312020553,3.1145743703435276,-0.10119856085852774
