grupo,variable,n,rango_medio,mediana,q1,q3,maximo
"('Algoritmos y Programación',)",Participaciones de la semana,441,5.142809872228792,4.787173924697115,2.2033489548965353,8.7279012904059,11.243407487791641
"('Algoritmos y Programación',)",Participaciones de la semana anterior,441,5.229938170436038,4.921621274316684,1.5203322918030944,8.66496463481272,11.000220328460832
"('Algoritmos y Programación',)",Año que cursa,435,6.070698463512309,6.384670801841465,4.864338510038371,7.791775851510326,11.545893947861728
"('Algoritmos y Programación',)",Tamaño del grupo,441,4.295824693239991,3.697789921003829,3.040313249653168,5.17728907371086,11.743301155200385
"('Computación Emergente',)",Participaciones de la semana,546,10.200748798707316,14.163014866119127,4.456514333576076,17.058615651787417,17.4226745805084
"('Computación Emergente',)",Participaciones de la semana anterior,546,10.551118166202864,14.407608204920562,6.2781669239061255,16.778891008446482,17.43327240870824
"('Computación Emergente',)",Año que cursa,543,4.089559354925644,5.192780837887383,2.9431377383961514,5.289395257275095,14.432989690721651
"('Computación Emergente',)",Tamaño del grupo,546,4.9644296109836175,5.289395257275095,4.582867437111339,5.700490201953617,14.538148553013922
"('Estructura de Datos',)",Participaciones de la semana,324,9.385370560585814,9.98362326714171,4.035087903494482,13.166006074426878,21.3329300827395
"('Estructura de Datos',)",Participaciones de la semana anterior,324,8.54673362412318,9.344450414229952,3.015530484287865,12.139364850380172,21.25444343291158
"('Estructura de Datos',)",Año que cursa,324,5.208908333421687,4.072899119445712,0.9951155941112235,5.136544235964383,18.792638477381814
"('Estructura de Datos',)",Tamaño del grupo,324,5.13698099141098,5.069773304279613,4.392294338146009,5.677127302400351,16.85473289597001
"('Matemáticas Discretas',)",Participaciones de la semana,261,3.7812792321507653,4.320086199832984,0.0,6.139435364041605,8.030398802370211
"('Matemáticas Discretas',)",Participaciones de la semana anterior,261,3.788617805026726,4.937527114548418,0.0,5.471201307487885,8.621761658031089
"('Matemáticas Discretas',)",Año que cursa,261,2.607353441848159,2.778727200027115,1.4097714037314466,3.7532612728136834,6.840810087154451
"('Matemáticas Discretas',)",Tamaño del grupo,261,3.1132133106856035,3.268874821319176,2.6065454545454547,4.0007514804982645,7.215751295336787
