materia,hito,cambio_medio,cambio_absoluto_medio,evaluaciones_hasta_hito
Algoritmos y Programación,4,0.0,0.0,0.0
Algoritmos y Programación,6,0.028156034648418427,0.0508742481470108,2.0
Algoritmos y Programación,8,0.01118212565779686,0.021060697734355927,2.0
Computación Emergente,4,-0.027964355424046516,0.038039639592170715,0.5549450516700745
Computación Emergente,6,-0.06504469364881516,0.08386640250682831,2.1978023052215576
Computación Emergente,8,-0.015170000493526459,0.05377262085676193,2.9780218601226807
Estructura de Datos,4,0.0,0.0,0.0
Estructura de Datos,6,-0.00026539521059021354,0.04955492541193962,1.0
Estructura de Datos,8,-0.052420713007450104,0.07998894900083542,2.0
Matemáticas Discretas,4,0.20242495834827423,0.21216519176959991,1.0
Matemáticas Discretas,6,-0.020427420735359192,0.11855392903089523,1.0
Matemáticas Discretas,8,-0.11732599139213562,0.14318962395191193,1.0
