materia,bloque,participaciones
Algoritmos y Programación,1-4,0.33527696793002915
Algoritmos y Programación,5-8,0.2784313725490196
Algoritmos y Programación,9-12,0.19243986254295534
Computación Emergente,1-4,0.266260162601626
Computación Emergente,5-8,0.25219941348973607
Computación Emergente,9-12,0.22297297297297297
Estructura de Datos,1-4,0.24537037037037038
Estructura de Datos,5-8,0.21296296296296297
Estructura de Datos,9-12,0.27346278317152106
Matemáticas Discretas,1-4,0.2260536398467433
Matemáticas Discretas,5-8,0.228125
Matemáticas Discretas,9-12,0.26436781609195403
