materia,hito,sesgo Red bayesiana,sesgo LSTM (semilla 42),sesgo Extrapolación,evidencia bayesiana nula
Algoritmos y Programación,4,0.7360282395594153,-0.42417678324489794,3.054421768707483,0.5306122448979592
Algoritmos y Programación,6,-0.8694721411978366,-0.30465516682312926,1.2857142857142858,0.7619047619047619
Algoritmos y Programación,8,-0.28121445207242474,0.04779792265306124,1.1870748299319729,0.6598639455782312
Computación Emergente,4,0.3396796718271338,0.19645482192307695,1.2252747252747254,0.6813186813186813
Computación Emergente,6,-0.05041457977042205,0.05592219345604393,0.4175824175824176,0.7362637362637363
Computación Emergente,8,0.24385028021376257,-0.06671311487472525,0.4835164835164835,0.7087912087912088
Estructura de Datos,4,0.5497820478808317,-0.09907264212962959,0.9814814814814815,0.6296296296296297
Estructura de Datos,6,-0.20207183051127608,-0.09003797007407412,0.7592592592592593,0.6944444444444444
Estructura de Datos,8,-0.6940629726073889,-0.14512875831481487,-0.032407407407407406,0.8055555555555556
Matemáticas Discretas,4,0.18938088069001435,-0.04629525172413792,0.11494252873563218,0.6666666666666666
Matemáticas Discretas,6,0.17240201701760322,-0.21281020195402298,0.06896551724137931,0.632183908045977
Matemáticas Discretas,8,0.8162315811857104,-0.1761494175862069,0.4942528735632184,0.5172413793103449
