materia,hito,casos,casos_evidencia_nula,proporcion_evidencia_nula,correlacion_acumulado_total,correlacion_prediccion_bayes,correlacion_prediccion_lstm,rmse_bayes,rmse_lstm,sesgo_bayes
Algoritmos y Programación,4,147,78,0.5306122448979592,0.5089953288068263,0.2302884997987274,0.12268559656932403,3.261857325440883,2.1774300418554473,2.2589650602476157
Algoritmos y Programación,6,147,112,0.7619047619047619,0.859543634066513,-0.023376949193533288,0.7487800579299131,3.963833100800317,2.2024247477944354,0.5711146395791411
Algoritmos y Programación,8,147,97,0.6598639455782312,0.9164201719688752,0.1375030686901696,0.9042744285313895,3.46899168143589,1.1708033235051414,1.41781882977283
Computación Emergente,4,182,124,0.6813186813186813,0.41177552066415296,0.01330667944401247,0.5032233084993699,2.403809878956736,1.3740203486176896,1.109575710280461
Computación Emergente,6,182,134,0.7362637362637363,0.9147522369819026,-0.043981624517544844,0.8977285245008325,3.380570548907769,1.280293657235318,0.6472670423670017
Computación Emergente,8,182,129,0.7087912087912088,0.896789640499862,-0.01459236116677519,0.8839077044930611,2.6385909641006204,0.7055345435273839,1.1132471729277946
Estructura de Datos,4,108,68,0.6296296296296297,0.364393812396895,0.24725461265255877,0.5020672244203552,3.1602782536639022,2.3885117192243017,1.5724884635249357
Estructura de Datos,6,108,75,0.6944444444444444,0.6297052057252168,0.05807834023799852,0.6402795679412052,3.042395262992695,1.7583980670558923,1.5329865515708914
Estructura de Datos,8,108,87,0.8055555555555556,0.8882777155057439,0.14705348761335452,0.8912098100303312,4.320083256143407,1.892464460154729,0.2507261241742251
Matemáticas Discretas,4,87,58,0.6666666666666666,0.4061085690689716,0.1879657455297374,0.42077223665733066,3.0587472021714524,2.6766816768770485,0.7580496424728695
Matemáticas Discretas,6,87,55,0.632183908045977,0.7895476244690376,0.039885693909791506,0.810190340257358,2.8971839541849183,1.5304058706309174,1.0978534152109605
Matemáticas Discretas,8,87,45,0.5172413793103449,0.8830254804843808,0.1607782689270762,0.8458898294531976,2.7301914410719155,0.8601081821529032,1.8178108104192012
