materia,semana,proporcion_acumulada,proporcion_uniforme
Algoritmos y Programación,1,0.15059445178335534,0.08333333333333333
Algoritmos y Programación,2,0.2523117569352708,0.16666666666666666
Algoritmos y Programación,3,0.39365918097754293,0.25
Algoritmos y Programación,4,0.5310435931307794,0.3333333333333333
Algoritmos y Programación,5,0.5746367239101717,0.4166666666666667
Algoritmos y Programación,6,0.6248348745046235,0.5
Algoritmos y Programación,7,0.7173051519154557,0.5833333333333334
Algoritmos y Programación,8,0.8203434610303831,0.6666666666666666
Algoritmos y Programación,9,0.8982826948480845,0.75
Algoritmos y Programación,10,0.9815059445178336,0.8333333333333334
Algoritmos y Programación,11,1.0,0.9166666666666666
Algoritmos y Programación,12,1.0,1.0
Computación Emergente,1,0.06228373702422145,0.08333333333333333
Computación Emergente,2,0.21972318339100347,0.16666666666666666
Computación Emergente,3,0.36678200692041524,0.25
Computación Emergente,4,0.4619377162629758,0.3333333333333333
Computación Emergente,5,0.5103806228373703,0.4166666666666667
Computación Emergente,6,0.5657439446366782,0.5
Computación Emergente,7,0.6816608996539792,0.5833333333333334
Computación Emergente,8,0.7681660899653979,0.6666666666666666
Computación Emergente,9,0.8719723183391004,0.75
Computación Emergente,10,0.9342560553633218,0.8333333333333334
Computación Emergente,11,1.0,0.9166666666666666
Computación Emergente,12,1.0,1.0
Estructura de Datos,1,0.12830188679245283,0.08333333333333333
Estructura de Datos,2,0.19622641509433963,0.16666666666666666
Estructura de Datos,3,0.29245283018867924,0.25
Estructura de Datos,4,0.4,0.3333333333333333
Estructura de Datos,5,0.5169811320754717,0.4166666666666667
Estructura de Datos,6,0.5773584905660377,0.5
Estructura de Datos,7,0.6018867924528302,0.5833333333333334
Estructura de Datos,8,0.6622641509433962,0.6666666666666666
Estructura de Datos,9,0.7679245283018868,0.75
Estructura de Datos,10,0.8943396226415095,0.8333333333333334
Estructura de Datos,11,0.9547169811320755,0.9166666666666666
Estructura de Datos,12,1.0,1.0
Matemáticas Discretas,1,0.0055248618784530384,0.08333333333333333
Matemáticas Discretas,2,0.19613259668508287,0.16666666666666666
Matemáticas Discretas,3,0.27900552486187846,0.25
Matemáticas Discretas,4,0.3425414364640884,0.3333333333333333
Matemáticas Discretas,5,0.430939226519337,0.4166666666666667
Matemáticas Discretas,6,0.5082872928176796,0.5
Matemáticas Discretas,7,0.5939226519337016,0.5833333333333334
Matemáticas Discretas,8,0.7458563535911602,0.6666666666666666
Matemáticas Discretas,9,0.8149171270718232,0.75
Matemáticas Discretas,10,0.9530386740331491,0.8333333333333334
Matemáticas Discretas,11,1.0,0.9166666666666666
Matemáticas Discretas,12,1.0,1.0
