materia,modelo,medida,valor,ic95_inferior,ic95_superior,distinto_de_cero
Algoritmos y Programación,Red bayesiana,S4 a S6,0.19388092485286013,-0.3500054762953082,0.7389513503626278,False
Algoritmos y Programación,Red bayesiana,S6 a S8,-0.6617364598997613,-1.0779797529254425,-0.2335881127751456,True
Algoritmos y Programación,Red bayesiana,cambio de pendiente,-0.8556173847526214,-1.7126910400105069,-0.0061295031507308945,True
Algoritmos y Programación,LSTM (semilla 42),S4 a S6,-0.5981134057244297,-0.8458199741412465,-0.3323187832988773,True
Algoritmos y Programación,LSTM (semilla 42),S6 a S8,-1.3727121596011858,-1.7839379014354877,-0.9948597040417343,True
Algoritmos y Programación,LSTM (semilla 42),cambio de pendiente,-0.7745987538767563,-1.0643966907846802,-0.5010715061933217,True
Algoritmos y Programación,Extrapolación,S4 a S6,-2.411919545866054,-3.019979218845149,-1.7775177254835048,True
Algoritmos y Programación,Extrapolación,S6 a S8,-0.48588297707104466,-0.9748197518178519,0.005199810815161821,False
Algoritmos y Programación,Extrapolación,cambio de pendiente,1.9260365687950092,1.1934550404098812,2.615821455964134,True
Computación Emergente,Red bayesiana,S4 a S6,-0.001963681658717853,-0.4372087203276986,0.44848637014409487,False
Computación Emergente,Red bayesiana,S6 a S8,0.014055009108323802,-0.42184601313090553,0.47814089600683457,False
Computación Emergente,Red bayesiana,cambio de pendiente,0.016018690767041655,-0.7448430385141296,0.7611482182726789,False
Computación Emergente,LSTM (semilla 42),S4 a S6,-0.26249308998505105,-0.39090850478250977,-0.1380751364780633,True
Computación Emergente,LSTM (semilla 42),S6 a S8,-0.8108241505944251,-1.2557451050508464,-0.3368653742560244,True
Computación Emergente,LSTM (semilla 42),cambio de pendiente,-0.5483310606093741,-1.006629106183514,-0.034561422914742554,True
Computación Emergente,Extrapolación,S4 a S6,-1.7668958725741777,-2.282334986095396,-1.1676599947789132,True
Computación Emergente,Extrapolación,S6 a S8,-0.6420337678125441,-0.985871022942529,-0.3264534973612318,True
Computación Emergente,Extrapolación,cambio de pendiente,1.1248621047616334,0.33963961419230065,1.7650635418630385,True
Estructura de Datos,Red bayesiana,S4 a S6,-0.9897220831692168,-2.0041103285435167,-0.20691442056584447,True
Estructura de Datos,Red bayesiana,S6 a S8,0.8383949077554362,0.055308746023051296,1.7446061717130334,True
Estructura de Datos,Red bayesiana,cambio de pendiente,1.828116990924653,0.5915504239409547,3.324490328331289,True
Estructura de Datos,LSTM (semilla 42),S4 a S6,-1.474067861661299,-2.040877946624887,-0.8654209702295859,True
Estructura de Datos,LSTM (semilla 42),S6 a S8,-0.4812138581079326,-0.6931832644742163,-0.2256344622538414,True
Estructura de Datos,LSTM (semilla 42),cambio de pendiente,0.992854003553366,0.4173739490097116,1.5203341191972461,True
Estructura de Datos,Extrapolación,S4 a S6,-1.8485101083509496,-2.515140620305699,-1.197403488438913,True
Estructura de Datos,Extrapolación,S6 a S8,-1.0656041813867279,-1.6539677883101294,-0.5685811433620462,True
Estructura de Datos,Extrapolación,cambio de pendiente,0.7829059269642222,0.1588599387336515,1.4364711397337682,True
Matemáticas Discretas,Red bayesiana,S4 a S6,0.06130750021861697,-0.28719064274070777,0.4341091293832171,False
Matemáticas Discretas,Red bayesiana,S6 a S8,-0.1815465898420192,-0.5497638016433989,0.15582292187498226,False
Matemáticas Discretas,Red bayesiana,cambio de pendiente,-0.24285409006063619,-0.8943131650740591,0.3382967777626338,False
Matemáticas Discretas,LSTM (semilla 42),S4 a S6,-0.8664958567992374,-1.0627285076294903,-0.6623042290776935,True
Matemáticas Discretas,LSTM (semilla 42),S6 a S8,-0.8261582572925101,-1.0274783846451274,-0.6178682301761604,True
Matemáticas Discretas,LSTM (semilla 42),cambio de pendiente,0.040337599506726995,-0.2137664472617313,0.29987050743841154,False
Matemáticas Discretas,Extrapolación,S4 a S6,-1.1334325603521103,-1.5221571116667723,-0.7121315699740342,True
Matemáticas Discretas,Extrapolación,S6 a S8,-0.528236538382234,-0.887928257388018,-0.1784608011152352,True
Matemáticas Discretas,Extrapolación,cambio de pendiente,0.6051960219698764,0.09270351043926212,1.1001891567370576,True
