materia,hito,rmse_bayes,mae_bayes,r2_bayes,rmse_lstm,rmse_lstm_desv,mae_lstm,mae_lstm_desv,r2_lstm,r2_lstm_desv,rmse_extrapolacion,mae_extrapolacion,r2_extrapolacion
Algoritmos y Programación,4,5.1391913278740144,3.986396393489808,0.22299648791225402,3.3766599999999998,0.05045852752508747,2.56536,0.03113387222945435,0.6645000000000001,0.01006180898248421,5.701772012421459,3.707482993197279,0.04357018771544796
Algoritmos y Programación,6,5.333072252726875,4.016164011758504,0.16326421284564285,2.73778,0.060301053058798244,2.1334,0.04808060939713653,0.77938,0.009691852248151554,3.2898524665554048,2.1564625850340136,0.6815903261467415
Algoritmos y Programación,8,4.671335792827113,3.6029760859079722,0.3580287439174712,1.3842599999999998,0.03625904025205299,1.0901399999999999,0.0278485726743759,0.9435800000000001,0.0029827839345148424,2.80396948948436,1.751700680272109,0.7686976866399098
Computación Emergente,4,4.895417274089815,2.9661737748663097,0.17053249117919278,2.5759,0.06321716539042227,1.7474599999999998,0.08797944646336442,0.77024,0.011237570911900854,3.8765284117974073,2.1263736263736264,0.4798772026615843
Computación Emergente,6,4.893453592431097,3.087411102895353,0.171197800534017,2.30146,0.06516201347410934,1.46346,0.07410696998258659,0.81654,0.010483463168247387,2.1096325392232296,1.1978021978021978,0.8459599759253686
Computación Emergente,8,4.907508601539421,3.042756806220111,0.16642998117952001,1.35554,0.08550156723709804,0.8228199999999999,0.06197174356107788,0.9362,0.007936938956549965,1.4675987714106855,0.7967032967032966,0.9254522352626475
Estructura de Datos,4,7.711694352974308,4.88545588633236,0.012650010655972044,5.18482,0.16114402564166047,3.26964,0.131778291080132,0.55332,0.027616607322406568,5.742950590200257,3.388888888888889,0.45242744979702454
Estructura de Datos,6,6.72197226980509,4.070739805056992,0.24982093153709417,3.8419600000000003,0.09552006595475108,2.2427,0.07165706524830617,0.7548199999999999,0.012206637538650872,3.8944404818493075,2.240740740740741,0.7481965645052011
Estructura de Datos,8,7.5603671775605275,4.555270135504573,0.05101950715166681,3.20602,0.145895534544413,1.79906,0.05424654827728684,0.8290599999999999,0.015717919709681696,2.8288363004625796,1.4490740740740742,0.867142173915519
Matemáticas Discretas,4,3.2345325719902154,2.6111372240105104,0.3431619188729129,2.97246,0.03814561573759161,2.54696,0.07662331890488702,0.44521999999999995,0.01433917710330687,3.051285766293647,2.206896551724138,0.41547777040477774
Matemáticas Discretas,6,3.2958400722088323,2.704364990843695,0.318026458819175,2.16556,0.13627790723371117,1.7887,0.19754590605730102,0.70464,0.03636169688009626,1.9178532059415365,1.3333333333333333,0.7690776376907764
Matemáticas Discretas,8,3.114293482366813,2.6003139947345075,0.3910882709352136,1.3408799999999998,0.059659550786106366,1.10352,0.07675270027823125,0.88698,0.010300339800220189,1.3896166675593025,0.9425287356321839,0.8787657597876576
