materia,hito,rmse_oficial,rmse_con_cercana,rmse_lstm
Algoritmos y Programación,4,5.122052337859534,4.496962831527965,3.3211143794202873
Algoritmos y Programación,6,5.319191426632648,5.009179323026846,2.7009644930169014
Algoritmos y Programación,8,4.64566482230942,4.1976551367372075,1.3392982115236147
Computación Emergente,4,4.907509914765303,4.017769924231284,2.496202342055139
Computación Emergente,6,4.9055402492686735,4.631721864561391,2.234017561805908
Computación Emergente,8,4.919638077568436,3.9886327027769335,1.4216559823767412
Estructura de Datos,4,7.711694352974308,7.1373125938964534,5.201012058680967
Estructura de Datos,6,6.72197226980509,5.944347942495342,3.726944197019668
Estructura de Datos,8,7.560367177560527,7.03930309429566,3.245730338911736
Matemáticas Discretas,4,3.2345325719902154,3.182053744250453,3.035723322862225
Matemáticas Discretas,6,3.2958400722088323,2.8857181052573875,2.1692274660629876
Matemáticas Discretas,8,3.114293482366813,2.6114958592162374,1.3430692087704774
