materia,hito,n_registros,epocas_ejecutadas,epoca_mejor_val_loss,early_stopping_activo,segundos,mediana_anio_imputada
Algoritmos y Programación,4,147,28,8,True,3.1,1.0
Algoritmos y Programación,6,147,25,5,True,2.8,1.0
Algoritmos y Programación,8,147,21,1,True,3.0,1.0
Computación Emergente,4,182,32,12,True,3.0,4.0
Computación Emergente,6,182,32,12,True,30.6,4.0
Computación Emergente,8,182,37,17,True,3.9,4.0
Estructura de Datos,4,108,35,15,True,3.3,
Estructura de Datos,6,108,30,10,True,2.9,
Estructura de Datos,8,108,28,8,True,3.0,
Matemáticas Discretas,4,87,150,144,False,7.6,
Matemáticas Discretas,6,87,150,150,False,7.8,
Matemáticas Discretas,8,87,76,56,True,5.1,
