materia,hito,rasgo,peso_medio_abs,prop_positivos
Algoritmos y Programación,4,anio_academico,0.14057062566280365,0.59375
Algoritmos y Programación,4,seccion_num,0.14235806465148926,0.484375
Algoritmos y Programación,4,tamano_grupo,0.13403235375881195,0.515625
Algoritmos y Programación,4,posicion_lista,0.13986805081367493,0.484375
Algoritmos y Programación,4,participaciones,0.14592739939689636,0.484375
Algoritmos y Programación,4,sesiones,0.12436353415250778,0.5
Algoritmos y Programación,4,evaluaciones,0.14888140559196472,0.5
Algoritmos y Programación,4,tema_0,0.13805493712425232,0.390625
Algoritmos y Programación,4,tema_1,0.16160646080970764,0.375
Algoritmos y Programación,4,tema_2,0.1448083221912384,0.53125
Algoritmos y Programación,4,tema_3,0.15486527979373932,0.46875
Algoritmos y Programación,6,anio_academico,0.14373211562633514,0.609375
Algoritmos y Programación,6,seccion_num,0.1428813934326172,0.5
Algoritmos y Programación,6,tamano_grupo,0.1337425410747528,0.5
Algoritmos y Programación,6,posicion_lista,0.1369631588459015,0.5
Algoritmos y Programación,6,participaciones,0.13519558310508728,0.4375
Algoritmos y Programación,6,sesiones,0.12436353415250778,0.5
Algoritmos y Programación,6,evaluaciones,0.14811810851097107,0.484375
Algoritmos y Programación,6,tema_0,0.13049855828285217,0.4375
Algoritmos y Programación,6,tema_1,0.1566641926765442,0.375
Algoritmos y Programación,6,tema_2,0.14182385802268982,0.53125
Algoritmos y Programación,6,tema_3,0.15213492512702942,0.453125
Algoritmos y Programación,8,anio_academico,0.14390185475349426,0.609375
Algoritmos y Programación,8,seccion_num,0.14245916903018951,0.5
Algoritmos y Programación,8,tamano_grupo,0.13415251672267914,0.484375
Algoritmos y Programación,8,posicion_lista,0.13708043098449707,0.5
Algoritmos y Programación,8,participaciones,0.13479669392108917,0.4375
Algoritmos y Programación,8,sesiones,0.12436353415250778,0.5
Algoritmos y Programación,8,evaluaciones,0.14792531728744507,0.5
Algoritmos y Programación,8,tema_0,0.13063187897205353,0.421875
Algoritmos y Programación,8,tema_1,0.15787753462791443,0.390625
Algoritmos y Programación,8,tema_2,0.14156366884708405,0.53125
Algoritmos y Programación,8,tema_3,0.15234163403511047,0.4375
Computación Emergente,4,anio_academico,0.14246755838394165,0.5625
Computación Emergente,4,seccion_num,0.14046815037727356,0.5
Computación Emergente,4,tamano_grupo,0.13488706946372986,0.515625
Computación Emergente,4,posicion_lista,0.13515660166740417,0.421875
Computación Emergente,4,participaciones,0.1477389931678772,0.515625
Computación Emergente,4,sesiones,0.1278076171875,0.53125
Computación Emergente,4,evaluaciones,0.14162087440490723,0.46875
Computación Emergente,4,tema_0,0.1333826780319214,0.5
Computación Emergente,4,tema_1,0.16658896207809448,0.34375
Computación Emergente,4,tema_2,0.15158063173294067,0.59375
Computación Emergente,4,tema_3,0.16209805011749268,0.421875
Computación Emergente,6,anio_academico,0.14042159914970398,0.59375
Computación Emergente,6,seccion_num,0.1404317319393158,0.484375
Computación Emergente,6,tamano_grupo,0.13419705629348755,0.53125
Computación Emergente,6,posicion_lista,0.13234664499759674,0.4375
Computación Emergente,6,participaciones,0.1457597315311432,0.515625
Computación Emergente,6,sesiones,0.12806235253810883,0.515625
Computación Emergente,6,evaluaciones,0.13718590140342712,0.515625
Computación Emergente,6,tema_0,0.13180437684059143,0.46875
Computación Emergente,6,tema_1,0.16300323605537415,0.34375
Computación Emergente,6,tema_2,0.14760157465934753,0.578125
Computación Emergente,6,tema_3,0.15730807185173035,0.4375
Computación Emergente,8,anio_academico,0.138200044631958,0.5625
Computación Emergente,8,seccion_num,0.14118321239948273,0.484375
Computación Emergente,8,tamano_grupo,0.13041648268699646,0.515625
Computación Emergente,8,posicion_lista,0.13130158185958862,0.453125
Computación Emergente,8,participaciones,0.14595401287078857,0.515625
Computación Emergente,8,sesiones,0.12973588705062866,0.484375
Computación Emergente,8,evaluaciones,0.1408700942993164,0.453125
Computación Emergente,8,tema_0,0.13186407089233398,0.46875
Computación Emergente,8,tema_1,0.1584847867488861,0.328125
Computación Emergente,8,tema_2,0.14629612863063812,0.546875
Computación Emergente,8,tema_3,0.15985092520713806,0.484375
Estructura de Datos,4,anio_academico,0.14752669632434845,0.609375
Estructura de Datos,4,seccion_num,0.14264532923698425,0.484375
Estructura de Datos,4,tamano_grupo,0.1310628354549408,0.5
Estructura de Datos,4,posicion_lista,0.1362183392047882,0.421875
Estructura de Datos,4,participaciones,0.14418679475784302,0.484375
Estructura de Datos,4,sesiones,0.12436353415250778,0.5
Estructura de Datos,4,evaluaciones,0.14888140559196472,0.5
Estructura de Datos,4,tema_0,0.13283440470695496,0.390625
Estructura de Datos,4,tema_1,0.16025489568710327,0.40625
Estructura de Datos,4,tema_2,0.13956263661384583,0.546875
Estructura de Datos,4,tema_3,0.15459764003753662,0.5
Estructura de Datos,6,anio_academico,0.14417675137519836,0.609375
Estructura de Datos,6,seccion_num,0.14264532923698425,0.484375
Estructura de Datos,6,tamano_grupo,0.1308673620223999,0.515625
Estructura de Datos,6,posicion_lista,0.13510698080062866,0.453125
Estructura de Datos,6,participaciones,0.13842278718948364,0.46875
Estructura de Datos,6,sesiones,0.12436353415250778,0.5
Estructura de Datos,6,evaluaciones,0.14543414115905762,0.484375
Estructura de Datos,6,tema_0,0.13200335204601288,0.46875
Estructura de Datos,6,tema_1,0.1564839482307434,0.421875
Estructura de Datos,6,tema_2,0.14105278253555298,0.515625
Estructura de Datos,6,tema_3,0.15333323180675507,0.46875
Estructura de Datos,8,anio_academico,0.14393079280853271,0.59375
Estructura de Datos,8,seccion_num,0.14264532923698425,0.484375
Estructura de Datos,8,tamano_grupo,0.13196071982383728,0.46875
Estructura de Datos,8,posicion_lista,0.13506385684013367,0.484375
Estructura de Datos,8,participaciones,0.13778573274612427,0.46875
Estructura de Datos,8,sesiones,0.12436353415250778,0.5
Estructura de Datos,8,evaluaciones,0.14485634863376617,0.484375
Estructura de Datos,8,tema_0,0.12997791171073914,0.453125
Estructura de Datos,8,tema_1,0.1574820876121521,0.375
Estructura de Datos,8,tema_2,0.14226606488227844,0.546875
Estructura de Datos,8,tema_3,0.15095770359039307,0.4375
Matemáticas Discretas,4,anio_academico,0.16874894499778748,0.609375
Matemáticas Discretas,4,seccion_num,0.16332094371318817,0.46875
Matemáticas Discretas,4,tamano_grupo,0.14465157687664032,0.5
Matemáticas Discretas,4,posicion_lista,0.1585555225610733,0.421875
Matemáticas Discretas,4,participaciones,0.21331936120986938,0.609375
Matemáticas Discretas,4,sesiones,0.12436353415250778,0.5
Matemáticas Discretas,4,evaluaciones,0.15900632739067078,0.546875
Matemáticas Discretas,4,tema_0,0.1399308443069458,0.453125
Matemáticas Discretas,4,tema_1,0.1649089753627777,0.4375
Matemáticas Discretas,4,tema_2,0.1655488908290863,0.5
Matemáticas Discretas,4,tema_3,0.15435177087783813,0.53125
Matemáticas Discretas,6,anio_academico,0.14600133895874023,0.640625
Matemáticas Discretas,6,seccion_num,0.147137850522995,0.46875
Matemáticas Discretas,6,tamano_grupo,0.1324813812971115,0.515625
Matemáticas Discretas,6,posicion_lista,0.14047202467918396,0.421875
Matemáticas Discretas,6,participaciones,0.1625208556652069,0.546875
Matemáticas Discretas,6,sesiones,0.12436353415250778,0.5
Matemáticas Discretas,6,evaluaciones,0.15333291888237,0.484375
Matemáticas Discretas,6,tema_0,0.14660660922527313,0.40625
Matemáticas Discretas,6,tema_1,0.16262321174144745,0.421875
Matemáticas Discretas,6,tema_2,0.13576382398605347,0.515625
Matemáticas Discretas,6,tema_3,0.17322827875614166,0.4375
Matemáticas Discretas,8,anio_academico,0.13489475846290588,0.609375
Matemáticas Discretas,8,seccion_num,0.14628344774246216,0.5
Matemáticas Discretas,8,tamano_grupo,0.13221853971481323,0.53125
Matemáticas Discretas,8,posicion_lista,0.1467643678188324,0.4375
Matemáticas Discretas,8,participaciones,0.16624611616134644,0.453125
Matemáticas Discretas,8,sesiones,0.12436353415250778,0.5
Matemáticas Discretas,8,evaluaciones,0.17165279388427734,0.484375
Matemáticas Discretas,8,tema_0,0.14082641899585724,0.5625
Matemáticas Discretas,8,tema_1,0.16200554370880127,0.328125
Matemáticas Discretas,8,tema_2,0.14922666549682617,0.46875
Matemáticas Discretas,8,tema_3,0.15851245820522308,0.5
