materia,hito,rmse_media,rmse_desv,r2_media,r2_desv,rmse_extrapolación,r2_extrapolación,RMSE modelo,R² modelo
Algoritmos y Programación,4,3.371,0.05,0.666,0.01,5.702,0.044,3.37 ± 0.05,0.666 ± 0.010
Algoritmos y Programación,6,2.734,0.06,0.78,0.01,3.29,0.682,2.73 ± 0.06,0.780 ± 0.010
Algoritmos y Programación,8,1.387,0.035,0.943,0.003,2.804,0.769,1.39 ± 0.04,0.943 ± 0.003
Computación Emergente,4,2.581,0.063,0.769,0.011,3.877,0.48,2.58 ± 0.06,0.769 ± 0.011
Computación Emergente,6,2.304,0.066,0.816,0.011,2.11,0.846,2.30 ± 0.07,0.816 ± 0.011
Computación Emergente,8,1.36,0.091,0.936,0.008,1.468,0.925,1.36 ± 0.09,0.936 ± 0.008
Estructura de Datos,4,5.185,0.161,0.553,0.028,5.743,0.452,5.18 ± 0.16,0.553 ± 0.028
Estructura de Datos,6,3.842,0.096,0.755,0.012,3.894,0.748,3.84 ± 0.10,0.755 ± 0.012
Estructura de Datos,8,3.206,0.146,0.829,0.016,2.829,0.867,3.21 ± 0.15,0.829 ± 0.016
